X,T,P,Y
0,99.9823,0.031321,0
0.002,99.4456,0.0323859,0.0209266
0.004,98.9288,0.0334184,0.0407741
0.006,98.431,0.0344195,0.0596165
0.008,97.9512,0.0353902,0.0775218
0.01,97.4888,0.0363315,0.0945521
0.012,97.0427,0.0372444,0.110765
0.014,96.6124,0.0381298,0.126212
0.016,96.1971,0.0389887,0.140943
0.018,95.7961,0.0398219,0.155002
0.02,95.4088,0.0406303,0.168431
0.022,95.0346,0.0414146,0.181266
0.024,94.673,0.0421757,0.193545
0.026,94.3233,0.0429142,0.205298
0.028,93.9851,0.043631,0.216557
0.03,93.6579,0.0443267,0.22735
0.032,93.3413,0.045002,0.237702
0.034,93.0348,0.0456576,0.247639
0.036,92.7379,0.046294,0.257182
0.038,92.4504,0.046912,0.266353
0.04,92.1718,0.047512,0.275172
0.042,91.9018,0.0480948,0.283657
0.044,91.64,0.0486607,0.291825
0.046,91.3862,0.0492104,0.299693
0.048,91.14,0.0497443,0.307274
0.05,90.9011,0.050263,0.314585
0.052,90.6692,0.0507669,0.321637
0.054,90.4441,0.0512565,0.328444
0.056,90.2256,0.0517323,0.335016
0.058,90.0134,0.0521947,0.341366
0.06,89.8072,0.052644,0.347503
0.062,89.6068,0.0530808,0.353437
0.064,89.4121,0.0535054,0.359177
0.066,89.2228,0.0539181,0.364733
0.068,89.0387,0.0543194,0.370112
0.07,88.8597,0.0547096,0.375321
0.072,88.6856,0.055089,0.38037
0.074,88.5162,0.055458,0.385263
0.076,88.3513,0.0558169,0.390008
0.078,88.1908,0.056166,0.394612
0.08,88.0345,0.0565056,0.399079
0.082,87.8823,0.056836,0.403416
0.084,87.7341,0.0571575,0.407628
0.086,87.5898,0.0574704,0.411719
0.088,87.4491,0.0577748,0.415696
0.09,87.312,0.0580711,0.419561
0.092,87.1783,0.0583596,0.42332
0.094,87.0481,0.0586404,0.426977
0.096,86.921,0.0589138,0.430535
0.098,86.7971,0.05918,0.433999
0.1,86.6763,0.0594392,0.437372
0.102,86.5583,0.0596917,0.440656
0.104,86.4433,0.0599376,0.443857
0.106,86.331,0.0601772,0.446976
0.108,86.2213,0.0604106,0.450016
0.11,86.1143,0.0606381,0.452981
0.112,86.0098,0.0608597,0.455873
0.114,85.9077,0.0610757,0.458695
0.116,85.808,0.0612863,0.461449
0.118,85.7105,0.0614916,0.464137
0.12,85.6153,0.0616917,0.466762
0.122,85.5223,0.0618868,0.469327
0.124,85.4313,0.0620772,0.471832
0.126,85.3424,0.0622628,0.47428
0.128,85.2554,0.0624439,0.476673
0.13,85.1704,0.0626206,0.479013
0.132,85.0872,0.062793,0.481302
0.134,85.0058,0.0629613,0.48354
0.136,84.9262,0.0631255,0.485731
0.138,84.8482,0.0632859,0.487875
0.14,84.772,0.0634424,0.489974
0.142,84.6973,0.0635953,0.492029
0.144,84.6242,0.0637446,0.494042
0.146,84.5525,0.0638904,0.496014
0.148,84.4824,0.0640329,0.497947
0.15,84.4137,0.0641721,0.499841
0.152,84.3464,0.0643082,0.501697
0.154,84.2804,0.0644412,0.503518
0.156,84.2158,0.0645712,0.505304
0.158,84.1524,0.0646984,0.507056
0.16,84.0903,0.0648227,0.508776
0.162,84.0294,0.0649443,0.510463
0.164,83.9696,0.0650633,0.512119
0.166,83.911,0.0651798,0.513746
0.168,83.8536,0.0652937,0.515343
0.17,83.7972,0.0654053,0.516913
0.172,83.7418,0.0655145,0.518455
0.174,83.6875,0.0656214,0.51997
0.176,83.6342,0.0657262,0.52146
0.178,83.5818,0.0658288,0.522924
0.18,83.5304,0.0659293,0.524365
0.182,83.4799,0.0660279,0.525781
0.184,83.4303,0.0661245,0.527175
0.186,83.3816,0.0662192,0.528547
0.188,83.3337,0.0663121,0.529897
0.19,83.2867,0.0664032,0.531226
0.192,83.2404,0.0664926,0.532535
0.194,83.195,0.0665803,0.533824
0.196,83.1503,0.0666664,0.535093
0.198,83.1063,0.0667509,0.536344
0.2,83.0631,0.0668339,0.537577
0.202,83.0206,0.0669155,0.538792
0.204,82.9788,0.0669956,0.53999
0.206,82.9376,0.0670743,0.541172
0.208,82.8971,0.0671516,0.542337
0.21,82.8572,0.0672277,0.543486
0.212,82.818,0.0673025,0.544621
0.214,82.7793,0.067376,0.54574
0.216,82.7413,0.0674484,0.546845
0.218,82.7038,0.0675196,0.547936
0.22,82.6669,0.0675897,0.549013
0.222,82.6305,0.0676587,0.550077
0.224,82.5947,0.0677267,0.551128
0.226,82.5593,0.0677937,0.552167
0.228,82.5245,0.0678596,0.553193
0.23,82.4902,0.0679246,0.554207
0.232,82.4563,0.0679887,0.55521
0.234,82.423,0.0680519,0.556202
0.236,82.39,0.0681142,0.557183
0.238,82.3576,0.0681757,0.558154
0.24,82.3255,0.0682364,0.559114
0.242,82.2939,0.0682963,0.560064
0.244,82.2627,0.0683554,0.561005
0.246,82.2319,0.0684137,0.561936
0.248,82.2015,0.0684714,0.562858
0.25,82.1715,0.0685284,0.563771
0.252,82.1419,0.0685847,0.564675
0.254,82.1126,0.0686403,0.565571
0.256,82.0837,0.0686953,0.566459
0.258,82.0551,0.0687497,0.567339
0.26,82.0269,0.0688035,0.568212
0.262,81.999,0.0688568,0.569076
0.264,81.9714,0.0689095,0.569934
0.266,81.9441,0.0689616,0.570785
0.268,81.9172,0.0690133,0.571629
0.27,81.8905,0.0690644,0.572466
0.272,81.8642,0.0691151,0.573297
0.274,81.8381,0.0691653,0.574121
0.276,81.8123,0.069215,0.57494
0.278,81.7868,0.0692644,0.575753
0.28,81.7616,0.0693132,0.57656
0.282,81.7366,0.0693617,0.577362
0.284,81.7118,0.0694098,0.578158
0.286,81.6874,0.0694575,0.578949
0.288,81.6631,0.0695049,0.579735
0.29,81.6391,0.0695519,0.580517
0.292,81.6154,0.0695985,0.581294
0.294,81.5918,0.0696449,0.582066
0.296,81.5685,0.0696909,0.582834
0.298,81.5454,0.0697366,0.583598
0.3,81.5225,0.069782,0.584357
0.302,81.4998,0.0698271,0.585113
0.304,81.4773,0.0698719,0.585865
0.306,81.4551,0.0699165,0.586613
0.308,81.433,0.0699608,0.587358
0.31,81.4111,0.0700049,0.588099
0.312,81.3893,0.0700487,0.588837
0.314,81.3678,0.0700923,0.589572
0.316,81.3464,0.0701357,0.590304
0.318,81.3252,0.0701788,0.591033
0.32,81.3042,0.0702218,0.59176
0.322,81.2834,0.0702645,0.592483
0.324,81.2627,0.0703071,0.593204
0.326,81.2421,0.0703495,0.593923
0.328,81.2217,0.0703917,0.594639
0.33,81.2015,0.0704337,0.595353
0.332,81.1814,0.0704756,0.596065
0.334,81.1615,0.0705173,0.596775
0.336,81.1417,0.0705589,0.597483
0.338,81.122,0.0706003,0.598189
0.34,81.1025,0.0706416,0.598893
0.342,81.0831,0.0706828,0.599596
0.344,81.0639,0.0707238,0.600297
0.346,81.0447,0.0707647,0.600997
0.348,81.0257,0.0708054,0.601695
0.35,81.0068,0.0708461,0.602392
0.352,80.9881,0.0708866,0.603088
0.354,80.9694,0.0709271,0.603782
0.356,80.9509,0.0709674,0.604476
0.358,80.9324,0.0710077,0.605168
0.36,80.9141,0.0710478,0.60586
0.362,80.8959,0.0710879,0.606551
0.364,80.8778,0.0711279,0.607241
0.366,80.8598,0.0711678,0.607931
0.368,80.8419,0.0712076,0.608619
0.37,80.8241,0.0712473,0.609308
0.372,80.8064,0.071287,0.609996
0.374,80.7888,0.0713266,0.610683
0.376,80.7713,0.0713661,0.611371
0.378,80.7539,0.0714055,0.612058
0.38,80.7366,0.0714449,0.612745
0.382,80.7194,0.0714843,0.613431
0.384,80.7022,0.0715236,0.614118
0.386,80.6852,0.0715628,0.614805
0.388,80.6682,0.071602,0.615492
0.39,80.6513,0.0716411,0.616179
0.392,80.6345,0.0716801,0.616866
0.394,80.6178,0.0717192,0.617553
0.396,80.6012,0.0717581,0.618241
0.398,80.5846,0.0717971,0.618929
0.4,80.5681,0.071836,0.619618
0.402,80.5517,0.0718748,0.620307
0.404,80.5353,0.0719136,0.620996
0.406,80.5191,0.0719524,0.621687
0.408,80.5029,0.0719911,0.622378
0.41,80.4868,0.0720298,0.623069
0.412,80.4707,0.0720685,0.623761
0.414,80.4547,0.0721071,0.624455
0.416,80.4388,0.0721457,0.625149
0.418,80.423,0.0721843,0.625844
0.42,80.4072,0.0722228,0.626539
0.422,80.3915,0.0722613,0.627236
0.424,80.3758,0.0722998,0.627934
0.426,80.3602,0.0723382,0.628633
0.428,80.3447,0.0723766,0.629333
0.43,80.3292,0.072415,0.630035
0.432,80.3138,0.0724534,0.630737
0.434,80.2985,0.0724917,0.631441
0.436,80.2832,0.07253,0.632146
0.438,80.268,0.0725683,0.632853
0.44,80.2528,0.0726065,0.633561
0.442,80.2377,0.0726447,0.63427
0.444,80.2227,0.0726829,0.634981
0.446,80.2077,0.0727211,0.635694
0.448,80.1928,0.0727592,0.636408
0.45,80.1779,0.0727973,0.637123
0.452,80.1631,0.0728354,0.637841
0.454,80.1483,0.0728735,0.63856
0.456,80.1336,0.0729115,0.63928
0.458,80.119,0.0729495,0.640003
0.46,80.1044,0.0729874,0.640727
0.462,80.0898,0.0730254,0.641453
0.464,80.0753,0.0730633,0.642181
0.466,80.0609,0.0731012,0.642911
0.468,80.0465,0.073139,0.643643
0.47,80.0321,0.0731768,0.644377
0.472,80.0179,0.0732146,0.645113
0.474,80.0036,0.0732523,0.645851
0.476,79.9894,0.0732901,0.646591
0.478,79.9753,0.0733277,0.647333
0.48,79.9612,0.0733654,0.648078
0.482,79.9472,0.073403,0.648824
0.484,79.9332,0.0734406,0.649573
0.486,79.9193,0.0734781,0.650324
0.488,79.9054,0.0735156,0.651078
0.49,79.8916,0.0735531,0.651834
0.492,79.8778,0.0735905,0.652592
0.494,79.8641,0.0736279,0.653352
0.496,79.8504,0.0736653,0.654115
0.498,79.8367,0.0737026,0.654881
0.5,79.8231,0.0737398,0.655648
0.502,79.8096,0.0737771,0.656419
0.504,79.7961,0.0738142,0.657192
0.506,79.7827,0.0738514,0.657967
0.508,79.7693,0.0738885,0.658746
0.51,79.7559,0.0739255,0.659527
0.512,79.7427,0.0739625,0.66031
0.514,79.7294,0.0739994,0.661096
0.516,79.7162,0.0740363,0.661885
0.518,79.7031,0.0740731,0.662677
0.52,79.69,0.0741099,0.663472
0.522,79.6769,0.0741466,0.664269
0.524,79.6639,0.0741833,0.665069
0.526,79.651,0.0742199,0.665872
0.528,79.6381,0.0742565,0.666678
0.53,79.6252,0.074293,0.667487
0.532,79.6124,0.0743294,0.668299
0.534,79.5996,0.0743658,0.669114
0.536,79.5869,0.0744021,0.669932
0.538,79.5743,0.0744383,0.670753
0.54,79.5617,0.0744745,0.671577
0.542,79.5491,0.0745106,0.672404
0.544,79.5366,0.0745466,0.673234
0.546,79.5241,0.0745826,0.674068
0.548,79.5117,0.0746185,0.674904
0.55,79.4994,0.0746543,0.675744
0.552,79.4871,0.0746901,0.676587
0.554,79.4748,0.0747257,0.677434
0.556,79.4626,0.0747613,0.678283
0.558,79.4504,0.0747969,0.679136
0.56,79.4383,0.0748323,0.679993
0.562,79.4263,0.0748676,0.680852
0.564,79.4143,0.0749029,0.681715
0.566,79.4023,0.0749381,0.682582
0.568,79.3904,0.0749732,0.683452
0.57,79.3785,0.0750082,0.684325
0.572,79.3667,0.0750431,0.685202
0.574,79.355,0.075078,0.686083
0.576,79.3433,0.0751127,0.686967
0.578,79.3317,0.0751473,0.687854
0.58,79.3201,0.0751819,0.688745
0.582,79.3085,0.0752164,0.68964
0.584,79.2971,0.0752507,0.690539
0.586,79.2856,0.075285,0.691441
0.588,79.2742,0.0753191,0.692347
0.59,79.2629,0.0753532,0.693256
0.592,79.2517,0.0753871,0.694169
0.594,79.2404,0.0754209,0.695087
0.596,79.2293,0.0754547,0.696008
0.598,79.2182,0.0754883,0.696932
0.6,79.2071,0.0755218,0.697861
0.602,79.1961,0.0755552,0.698793
0.604,79.1852,0.0755885,0.69973
0.606,79.1743,0.0756216,0.70067
0.608,79.1635,0.0756547,0.701614
0.61,79.1527,0.0756876,0.702563
0.612,79.142,0.0757204,0.703515
0.614,79.1314,0.0757531,0.704471
0.616,79.1208,0.0757857,0.705431
0.618,79.1102,0.0758181,0.706396
0.62,79.0998,0.0758504,0.707364
0.622,79.0893,0.0758826,0.708337
0.624,79.079,0.0759146,0.709314
0.626,79.0687,0.0759465,0.710295
0.628,79.0584,0.0759783,0.71128
0.63,79.0483,0.07601,0.712269
0.632,79.0381,0.0760415,0.713263
0.634,79.0281,0.0760728,0.714261
0.636,79.0181,0.0761041,0.715263
0.638,79.0082,0.0761351,0.71627
0.64,78.9983,0.0761661,0.717281
0.642,78.9885,0.0761969,0.718296
0.644,78.9787,0.0762275,0.719316
0.646,78.969,0.076258,0.72034
0.648,78.9594,0.0762884,0.721368
0.65,78.9498,0.0763186,0.722402
0.652,78.9403,0.0763486,0.723439
0.654,78.9309,0.0763785,0.724481
0.656,78.9215,0.0764082,0.725528
0.658,78.9122,0.0764378,0.726579
0.66,78.903,0.0764672,0.727635
0.662,78.8938,0.0764964,0.728695
0.664,78.8847,0.0765255,0.729761
0.666,78.8757,0.0765544,0.73083
0.668,78.8667,0.0765832,0.731905
0.67,78.8578,0.0766117,0.732984
0.672,78.849,0.0766401,0.734068
0.674,78.8402,0.0766684,0.735157
0.676,78.8315,0.0766964,0.736251
0.678,78.8229,0.0767243,0.737349
0.68,78.8143,0.076752,0.738452
0.682,78.8058,0.0767795,0.739561
0.684,78.7974,0.0768069,0.740674
0.686,78.7891,0.076834,0.741792
0.688,78.7808,0.076861,0.742915
0.69,78.7726,0.0768878,0.744043
0.692,78.7644,0.0769144,0.745176
0.694,78.7564,0.0769408,0.746314
0.696,78.7484,0.076967,0.747457
0.698,78.7405,0.076993,0.748605
0.7,78.7326,0.0770189,0.749759
0.702,78.7248,0.0770445,0.750917
0.704,78.7172,0.0770699,0.752081
0.706,78.7095,0.0770952,0.75325
0.708,78.702,0.0771202,0.754424
0.71,78.6945,0.0771451,0.755603
0.712,78.6871,0.0771697,0.756788
0.714,78.6798,0.0771941,0.757978
0.716,78.6726,0.0772183,0.759174
0.718,78.6654,0.0772423,0.760374
0.72,78.6583,0.0772661,0.761581
0.722,78.6513,0.0772897,0.762792
0.724,78.6443,0.0773131,0.76401
0.726,78.6374,0.0773362,0.765232
0.728,78.6307,0.0773592,0.766461
0.73,78.6239,0.0773819,0.767694
0.732,78.6173,0.0774044,0.768934
0.734,78.6107,0.0774266,0.770179
0.736,78.6043,0.0774487,0.771429
0.738,78.5979,0.0774705,0.772686
0.74,78.5916,0.0774921,0.773947
0.742,78.5853,0.0775135,0.775215
0.744,78.5792,0.0775346,0.776488
0.746,78.5731,0.0775555,0.777768
0.748,78.5672,0.0775762,0.779053
0.75,78.5613,0.0775966,0.780343
0.752,78.5555,0.0776168,0.78164
0.754,78.5497,0.0776367,0.782943
0.756,78.5441,0.0776564,0.784251
0.758,78.5386,0.0776759,0.785566
0.76,78.5331,0.0776951,0.786886
0.762,78.5277,0.0777141,0.788212
0.764,78.5224,0.0777329,0.789545
0.766,78.5172,0.0777514,0.790884
0.768,78.5121,0.0777696,0.792228
0.77,78.5071,0.0777876,0.793579
0.772,78.5022,0.0778053,0.794936
0.774,78.4973,0.0778228,0.796299
0.776,78.4926,0.07784,0.797669
0.778,78.4879,0.077857,0.799044
0.78,78.4834,0.0778737,0.800426
0.782,78.4789,0.0778901,0.801815
0.784,78.4745,0.0779063,0.80321
0.786,78.4702,0.0779223,0.804611
0.788,78.466,0.0779379,0.806018
0.79,78.4619,0.0779533,0.807432
0.792,78.4579,0.0779684,0.808853
0.794,78.454,0.0779833,0.81028
0.796,78.4502,0.0779978,0.811714
0.798,78.4464,0.0780121,0.813154
0.8,78.4428,0.0780262,0.814601
0.802,78.4393,0.0780399,0.816054
0.804,78.4358,0.0780534,0.817515
0.806,78.4325,0.0780666,0.818982
0.808,78.4293,0.0780795,0.820455
0.81,78.4261,0.0780921,0.821936
0.812,78.4231,0.0781045,0.823424
0.814,78.4201,0.0781165,0.824918
0.816,78.4173,0.0781283,0.826419
0.818,78.4146,0.0781398,0.827927
0.82,78.4119,0.078151,0.829443
0.822,78.4094,0.0781619,0.830965
0.824,78.4069,0.0781725,0.832494
0.826,78.4046,0.0781828,0.834031
0.828,78.4024,0.0781928,0.835574
0.83,78.4003,0.0782025,0.837125
0.832,78.3982,0.0782119,0.838683
0.834,78.3963,0.0782211,0.840249
0.836,78.3945,0.0782299,0.841821
0.838,78.3928,0.0782384,0.843401
0.84,78.3912,0.0782466,0.844989
0.842,78.3897,0.0782545,0.846583
0.844,78.3883,0.0782621,0.848185
0.846,78.387,0.0782694,0.849795
0.848,78.3859,0.0782764,0.851412
0.85,78.3848,0.078283,0.853037
0.852,78.3838,0.0782894,0.85467
0.854,78.383,0.0782954,0.85631
0.856,78.3829,0.0783011,0.857958
0.858,78.3823,0.0783065,0.859613
0.86,78.3814,0.0783116,0.86
0.862,78.381,0.0783164,0.862
0.864,78.3807,0.0783208,0.864
0.866,78.3806,0.0783249,0.866
0.868,78.3805,0.0783287,0.868
0.87,78.3806,0.0783322,0.87
0.872,78.3807,0.0783353,0.872
0.874,78.381,0.0783381,0.874
0.876,78.3814,0.0783406,0.876
0.878,78.382,0.0783427,0.876605
0.88,78.3826,0.0783445,0.878349
0.882,78.383,0.078344,0.880101
0.884,78.3839,0.0783421,0.881861
0.886,78.3849,0.0783398,0.88363
0.888,78.386,0.0783371,0.885407
0.89,78.3872,0.0783341,0.887192
0.892,78.3885,0.0783308,0.888987
0.894,78.39,0.0783271,0.890789
0.896,78.3916,0.078323,0.8926
0.898,78.3933,0.0783186,0.89442
0.9,78.3951,0.0783138,0.896249
0.902,78.3971,0.0783087,0.898086
0.904,78.3991,0.0783032,0.899933
0.906,78.4013,0.0782974,0.901788
0.908,78.4037,0.0782911,0.903652
0.91,78.4061,0.0782846,0.905525
0.912,78.4087,0.0782776,0.907407
0.914,78.4114,0.0782703,0.909298
0.916,78.4142,0.0782626,0.911198
0.918,78.4172,0.0782546,0.913107
0.92,78.4203,0.0782461,0.915026
0.922,78.4235,0.0782373,0.916953
0.924,78.4268,0.0782282,0.918891
0.926,78.4303,0.0782186,0.920837
0.928,78.4339,0.0782087,0.922793
0.93,78.4376,0.0781984,0.924758
0.932,78.4415,0.0781877,0.926734
0.934,78.4455,0.0781767,0.928718
0.936,78.4496,0.0781653,0.930712
0.938,78.4539,0.0781534,0.932716
0.94,78.4583,0.0781412,0.93473
0.942,78.4628,0.0781287,0.936754
0.944,78.4674,0.0781157,0.938787
0.946,78.4722,0.0781023,0.940831
0.948,78.4772,0.0780886,0.942884
0.95,78.4823,0.0780745,0.944948
0.952,78.4875,0.07806,0.947022
0.954,78.4928,0.078045,0.949106
0.956,78.4983,0.0780297,0.9512
0.958,78.5039,0.078014,0.953304
0.96,78.5097,0.077998,0.955419
0.962,78.5156,0.0779815,0.957545
0.964,78.5217,0.0779646,0.95968
0.966,78.5279,0.0779473,0.961827
0.968,78.5342,0.0779296,0.963984
0.97,78.5407,0.0779116,0.966152
0.972,78.5473,0.0778931,0.96833
0.974,78.5541,0.0778742,0.97052
0.976,78.561,0.0778549,0.97272
0.978,78.568,0.0778352,0.974931
0.98,78.5752,0.0778151,0.977154
0.982,78.5826,0.0777946,0.979387
0.984,78.5901,,0.981632
0.986,78.5977,,0.983888
0.988,78.6055,,0.986155
0.99,78.6135,,0.988433
0.992,78.6216,,0.990724
0.994,78.6298,,0.993025
0.996,78.6382,,0.995338
0.998,78.6468,,0.997663
0.93,78.4376,0.0782776,0.924758
0.9301,78.4378,0.0782773,0.924857
0.9302,78.438,0.0782769,0.924956
0.9303,78.4382,0.0782765,0.925054
0.9304,78.4384,0.0782762,0.925153
0.9305,78.4386,0.0782758,0.925251
0.9306,78.4388,0.0782755,0.92535
0.9307,78.4389,0.0782751,0.925449
0.9308,78.4391,0.0782747,0.925547
0.9309,78.4393,0.0782744,0.925646
0.931,78.4395,0.078274,0.925745
0.9311,78.4397,0.0782736,0.925844
0.9312,78.4399,0.0782733,0.925942
0.9313,78.4401,0.0782729,0.926041
0.9314,78.4403,0.0782725,0.92614
0.9315,78.4405,0.0782722,0.926239
0.9316,78.4407,0.0782718,0.926338
0.9317,78.4409,0.0782714,0.926437
0.9318,78.4411,0.078271,0.926536
0.9319,78.4413,0.0782707,0.926635
0.932,78.4415,0.0782703,0.926734
0.9321,78.4417,0.0782699,0.926833
0.9322,78.4419,0.0782695,0.926932
0.9323,78.4421,0.0782692,0.927031
0.9324,78.4423,0.0782688,0.92713
0.9325,78.4425,0.0782684,0.927229
0.9326,78.4427,0.078268,0.927328
0.9327,78.4429,0.0782677,0.927427
0.9328,78.4431,0.0782673,0.927526
0.9329,78.4433,0.0782669,0.927625
0.933,78.4435,0.0782665,0.927725
0.9331,78.4437,0.0782661,0.927824
0.9332,78.4439,0.0782657,0.927923
0.9333,78.4441,0.0782653,0.928022
0.9334,78.4443,0.078265,0.928122
0.9335,78.4445,0.0782646,0.928221
0.9336,78.4447,0.0782642,0.92832
0.9337,78.4449,0.0782638,0.92842
0.9338,78.4451,0.0782634,0.928519
0.9339,78.4453,0.078263,0.928619
0.934,78.4455,0.0782626,0.928718
0.9341,78.4457,0.0782622,0.928818
0.9342,78.4459,0.0782618,0.928917
0.9343,78.4461,0.0782614,0.929017
0.9344,78.4463,0.078261,0.929116
0.9345,78.4465,0.0782606,0.929216
0.9346,78.4467,0.0782602,0.929315
0.9347,78.4469,0.0782598,0.929415
0.9348,78.4471,0.0782594,0.929515
0.9349,78.4473,0.078259,0.929614
0.935,78.4475,0.0782586,0.929714
0.9351,78.4477,0.0782582,0.929814
0.9352,78.4479,0.0782578,0.929914
0.9353,78.4481,0.0782574,0.930013
0.9354,78.4483,0.078257,0.930113
0.9355,78.4486,0.0782566,0.930213
0.9356,78.4488,0.0782562,0.930313
0.9357,78.449,0.0782558,0.930413
0.9358,78.4492,0.0782554,0.930513
0.9359,78.4494,0.078255,0.930612
0.936,78.4496,0.0782546,0.930712
0.9361,78.4498,0.0782542,0.930812
0.9362,78.45,0.0782537,0.930912
0.9363,78.4502,0.0782533,0.931012
0.9364,78.4504,0.0782529,0.931112
0.9365,78.4506,0.0782525,0.931213
0.9366,78.4509,0.0782521,0.931313
0.9367,78.4511,0.0782517,0.931413
0.9368,78.4513,0.0782512,0.931513
0.9369,78.4515,0.0782508,0.931613
0.937,78.4517,0.0782504,0.931713
0.9371,78.4519,0.07825,0.931813
0.9372,78.4521,0.0782496,0.931914
0.9373,78.4524,0.0782491,0.932014
0.9374,78.4526,0.0782487,0.932114
0.9375,78.4528,0.0782483,0.932215
0.9376,78.453,0.0782479,0.932315
0.9377,78.4532,0.0782474,0.932415
0.9378,78.4534,0.078247,0.932516
0.9379,78.4536,0.0782466,0.932616
0.938,78.4539,0.0782461,0.932716
0.9381,78.4541,0.0782457,0.932817
0.9382,78.4543,0.0782453,0.932917
0.9383,78.4545,0.0782448,0.933018
0.9384,78.4547,0.0782444,0.933118
0.9385,78.4549,0.078244,0.933219
0.9386,78.4552,0.0782435,0.93332
0.9387,78.4554,0.0782431,0.93342
0.9388,78.4556,0.0782427,0.933521
0.9389,78.4558,0.0782422,0.933621
0.939,78.456,0.0782418,0.933722
0.9391,78.4563,0.0782413,0.933823
0.9392,78.4565,0.0782409,0.933924
0.9393,78.4567,0.0782405,0.934024
0.9394,78.4569,0.07824,0.934125
0.9395,78.4571,0.0782396,0.934226
0.9396,78.4574,0.0782391,0.934327
0.9397,78.4576,0.0782387,0.934428
0.9398,78.4578,0.0782382,0.934528
0.9399,78.458,0.0782378,0.934629
0.94,78.4583,0.0782373,0.93473
0.9401,78.4585,0.0782369,0.934831
0.9402,78.4587,0.0782364,0.934932
0.9403,78.4589,0.078236,0.935033
0.9404,78.4591,0.0782355,0.935134
0.9405,78.4594,0.0782351,0.935235
0.9406,78.4596,0.0782346,0.935336
0.9407,78.4598,0.0782342,0.935437
0.9408,78.46,0.0782337,0.935539
0.9409,78.4603,0.0782333,0.93564
0.941,78.4605,0.0782328,0.935741
0.9411,78.4607,0.0782323,0.935842
0.9412,78.461,0.0782319,0.935943
0.9413,78.4612,0.0782314,0.936044
0.9414,78.4614,0.078231,0.936146
0.9415,78.4616,0.0782305,0.936247
0.9416,78.4619,0.07823,0.936348
0.9417,78.4621,0.0782296,0.93645
0.9418,78.4623,0.0782291,0.936551
0.9419,78.4626,0.0782286,0.936652
0.942,78.4628,0.0782282,0.936754
0.9421,78.463,0.0782277,0.936855
0.9422,78.4632,0.0782272,0.936957
0.9423,78.4635,0.0782268,0.937058
0.9424,78.4637,0.0782263,0.93716
0.9425,78.4639,0.0782258,0.937261
0.9426,78.4642,0.0782253,0.937363
0.9427,78.4644,0.0782249,0.937464
0.9428,78.4646,0.0782244,0.937566
0.9429,78.4649,0.0782239,0.937668
0.943,78.4651,0.0782234,0.937769
0.9431,78.4653,0.078223,0.937871
0.9432,78.4656,0.0782225,0.937973
0.9433,78.4658,0.078222,0.938075
0.9434,78.466,0.0782215,0.938176
0.9435,78.4663,0.0782211,0.938278
0.9436,78.4665,0.0782206,0.93838
0.9437,78.4667,0.0782201,0.938482
0.9438,78.467,0.0782196,0.938584
0.9439,78.4672,0.0782191,0.938686
0.944,78.4674,0.0782186,0.938787
0.9441,78.4677,0.0782181,0.938889
0.9442,78.4679,0.0782177,0.938991
0.9443,78.4682,0.0782172,0.939093
0.9444,78.4684,0.0782167,0.939195
0.9445,78.4686,0.0782162,0.939297
0.9446,78.4689,0.0782157,0.939399
0.9447,78.4691,0.0782152,0.939502
0.9448,78.4694,0.0782147,0.939604
0.9449,78.4696,0.0782142,0.939706
0.945,78.4698,0.0782137,0.939808
0.9451,78.4701,0.0782132,0.93991
0.9452,78.4703,0.0782127,0.940012
0.9453,78.4706,0.0782122,0.940115
0.9454,78.4708,0.0782117,0.940217
0.9455,78.471,0.0782112,0.940319
0.9456,78.4713,0.0782107,0.940421
0.9457,78.4715,0.0782102,0.940524
0.9458,78.4718,0.0782097,0.940626
0.9459,78.472,0.0782092,0.940728
0.946,78.4722,0.0782087,0.940831
0.9461,78.4725,0.0782082,0.940933
0.9462,78.4727,0.0782077,0.941036
0.9463,78.473,0.0782072,0.941138
0.9464,78.4732,0.0782067,0.941241
0.9465,78.4735,0.0782062,0.941343
0.9466,78.4737,0.0782057,0.941446
0.9467,78.474,0.0782051,0.941548
0.9468,78.4742,0.0782046,0.941651
0.9469,78.4745,0.0782041,0.941754
0.947,78.4747,0.0782036,0.941856
0.9471,78.4749,0.0782031,0.941959
0.9472,78.4752,0.0782026,0.942062
0.9473,78.4754,0.0782021,0.942165
0.9474,78.4757,0.0782015,0.942267
0.9475,78.4759,0.078201,0.94237
0.9476,78.4762,0.0782005,0.942473
0.9477,78.4764,0.0782,0.942576
0.9478,78.4767,0.0781995,0.942679
0.9479,78.4769,0.0781989,0.942782
0.948,78.4772,0.0781984,0.942884
0.9481,78.4774,0.0781979,0.942987
0.9482,78.4777,0.0781974,0.94309
0.9483,78.4779,0.0781968,0.943193
0.9484,78.4782,0.0781963,0.943296
0.9485,78.4784,0.0781958,0.943399
0.9486,78.4787,0.0781953,0.943502
0.9487,78.4789,0.0781947,0.943606
0.9488,78.4792,0.0781942,0.943709
0.9489,78.4794,0.0781937,0.943812
0.949,78.4797,0.0781931,0.943915
0.9491,78.48,0.0781926,0.944018
0.9492,78.4802,0.0781921,0.944121
0.9493,78.4805,0.0781915,0.944225
0.9494,78.4807,0.078191,0.944328
0.9495,78.481,0.0781904,0.944431
0.9496,78.4812,0.0781899,0.944534
0.9497,78.4815,0.0781894,0.944638
0.9498,78.4817,0.0781888,0.944741
0.9499,78.482,0.0781883,0.944845
0.95,78.4823,0.0781877,0.944948
0.9501,78.4825,0.0781872,0.945051
0.9502,78.4828,0.0781867,0.945155
0.9503,78.483,0.0781861,0.945258
0.9504,78.4833,0.0781856,0.945362
0.9505,78.4835,0.078185,0.945465
0.9506,78.4838,0.0781845,0.945569
0.9507,78.4841,0.0781839,0.945673
0.9508,78.4843,0.0781834,0.945776
0.9509,78.4846,0.0781828,0.94588
0.951,78.4848,0.0781823,0.945984
0.9511,78.4851,0.0781817,0.946087
0.9512,78.4854,0.0781812,0.946191
0.9513,78.4856,0.0781806,0.946295
0.9514,78.4859,0.07818,0.946399
0.9515,78.4862,0.0781795,0.946502
0.9516,78.4864,0.0781789,0.946606
0.9517,78.4867,0.0781784,0.94671
0.9518,78.4869,0.0781778,0.946814
0.9519,78.4872,0.0781772,0.946918
0.952,78.4875,0.0781767,0.947022
0.9521,78.4877,0.0781761,0.947126
0.9522,78.488,0.0781756,0.94723
0.9523,78.4883,0.078175,0.947334
0.9524,78.4885,0.0781744,0.947438
0.9525,78.4888,0.0781739,0.947542
0.9526,78.4891,0.0781733,0.947646
0.9527,78.4893,0.0781727,0.94775
0.9528,78.4896,0.0781722,0.947854
0.9529,78.4899,0.0781716,0.947958
0.953,78.4901,0.078171,0.948062
0.9531,78.4904,0.0781704,0.948167
0.9532,78.4907,0.0781699,0.948271
0.9533,78.4909,0.0781693,0.948375
0.9534,78.4912,0.0781687,0.948479
0.9535,78.4915,0.0781681,0.948584
0.9536,78.4917,0.0781676,0.948688
0.9537,78.492,0.078167,0.948792
0.9538,78.4923,0.0781664,0.948897
0.9539,78.4925,0.0781658,0.949001
0.954,78.4928,0.0781653,0.949106
0.9541,78.4931,0.0781647,0.94921
0.9542,78.4934,0.0781641,0.949315
0.9543,78.4936,0.0781635,0.949419
0.9544,78.4939,0.0781629,0.949524
0.9545,78.4942,0.0781623,0.949628
0.9546,78.4945,0.0781617,0.949733
0.9547,78.4947,0.0781612,0.949837
0.9548,78.495,0.0781606,0.949942
0.9549,78.4953,0.07816,0.950047
0.955,78.4955,0.0781594,0.950151
0.9551,78.4958,0.0781588,0.950256
0.9552,78.4961,0.0781582,0.950361
0.9553,78.4964,0.0781576,0.950466
0.9554,78.4966,0.078157,0.95057
0.9555,78.4969,0.0781564,0.950675
0.9556,78.4972,0.0781558,0.95078
0.9557,78.4975,0.0781552,0.950885
0.9558,78.4978,0.0781546,0.95099
0.9559,78.498,0.078154,0.951095
0.956,78.4983,0.0781534,0.9512
0.9561,78.4986,0.0781528,0.951305
0.9562,78.4989,0.0781522,0.95141
0.9563,78.4991,0.0781516,0.951515
0.9564,78.4994,0.078151,0.95162
0.9565,78.4997,0.0781504,0.951725
0.9566,78.5,0.0781498,0.95183
0.9567,78.5003,0.0781492,0.951935
0.9568,78.5005,0.0781486,0.95204
0.9569,78.5008,0.078148,0.952146
0.957,78.5011,0.0781474,0.952251
0.9571,78.5014,0.0781468,0.952356
0.9572,78.5017,0.0781462,0.952461
0.9573,78.5019,0.0781456,0.952567
0.9574,78.5022,0.0781449,0.952672
0.9575,78.5025,0.0781443,0.952777
0.9576,78.5028,0.0781437,0.952883
0.9577,78.5031,0.0781431,0.952988
0.9578,78.5034,0.0781425,0.953093
0.9579,78.5037,0.0781419,0.953199
0.958,78.5039,0.0781412,0.953304
0.9581,78.5042,0.0781406,0.95341
0.9582,78.5045,0.07814,0.953515
0.9583,78.5048,0.0781394,0.953621
0.9584,78.5051,0.0781388,0.953726
0.9585,78.5054,0.0781381,0.953832
0.9586,78.5057,0.0781375,0.953938
0.9587,78.5059,0.0781369,0.954043
0.9588,78.5062,0.0781363,0.954149
0.9589,78.5065,0.0781356,0.954255
0.959,78.5068,0.078135,0.95436
0.9591,78.5071,0.0781344,0.954466
0.9592,78.5074,0.0781337,0.954572
0.9593,78.5077,0.0781331,0.954678
0.9594,78.508,0.0781325,0.954784
0.9595,78.5082,0.0781318,0.95489
0.9596,78.5085,0.0781312,0.954995
0.9597,78.5088,0.0781306,0.955101
0.9598,78.5091,0.0781299,0.955207
0.9599,78.5094,0.0781293,0.955313
0.96,78.5097,0.0781287,0.955419
0.9601,78.51,0.078128,0.955525
0.9602,78.5103,0.0781274,0.955631
0.9603,78.5106,0.0781267,0.955737
0.9604,78.5109,0.0781261,0.955843
0.9605,78.5112,0.0781255,0.95595
0.9606,78.5115,0.0781248,0.956056
0.9607,78.5118,0.0781242,0.956162
0.9608,78.512,0.0781235,0.956268
0.9609,78.5123,0.0781229,0.956374
0.961,78.5126,0.0781222,0.956481
0.9611,78.5129,0.0781216,0.956587
0.9612,78.5132,0.0781209,0.956693
0.9613,78.5135,0.0781203,0.9568
0.9614,78.5138,0.0781196,0.956906
0.9615,78.5141,0.078119,0.957012
0.9616,78.5144,0.0781183,0.957119
0.9617,78.5147,0.0781177,0.957225
0.9618,78.515,0.078117,0.957332
0.9619,78.5153,0.0781163,0.957438
0.962,78.5156,0.0781157,0.957545
0.9621,78.5159,0.078115,0.957651
0.9622,78.5162,0.0781144,0.957758
0.9623,78.5165,0.0781137,0.957864
0.9624,78.5168,0.0781131,0.957971
0.9625,78.5171,0.0781124,0.958078
0.9626,78.5174,0.0781117,0.958184
0.9627,78.5177,0.0781111,0.958291
0.9628,78.518,0.0781104,0.958398
0.9629,78.5183,0.0781097,0.958504
0.963,78.5186,0.0781091,0.958611
0.9631,78.5189,0.0781084,0.958718
0.9632,78.5192,0.0781077,0.958825
0.9633,78.5195,0.0781071,0.958932
0.9634,78.5198,0.0781064,0.959039
0.9635,78.5201,0.0781057,0.959145
0.9636,78.5204,0.078105,0.959252
0.9637,78.5207,0.0781044,0.959359
0.9638,78.5211,0.0781037,0.959466
0.9639,78.5214,0.078103,0.959573
0.964,78.5217,0.0781023,0.95968
0.9641,78.522,0.0781017,0.959788
0.9642,78.5223,0.078101,0.959895
0.9643,78.5226,0.0781003,0.960002
0.9644,78.5229,0.0780996,0.960109
0.9645,78.5232,0.0780989,0.960216
0.9646,78.5235,0.0780983,0.960323
0.9647,78.5238,0.0780976,0.96043
0.9648,78.5241,0.0780969,0.960538
0.9649,78.5244,0.0780962,0.960645
0.965,78.5247,0.0780955,0.960752
0.9651,78.5251,0.0780948,0.96086
0.9652,78.5254,0.0780941,0.960967
0.9653,78.5257,0.0780935,0.961074
0.9654,78.526,0.0780928,0.961182
0.9655,78.5263,0.0780921,0.961289
0.9656,78.5266,0.0780914,0.961397
0.9657,78.5269,0.0780907,0.961504
0.9658,78.5272,0.07809,0.961612
0.9659,78.5275,0.0780893,0.961719
0.966,78.5279,0.0780886,0.961827
0.9661,78.5282,0.0780879,0.961934
0.9662,78.5285,0.0780872,0.962042
0.9663,78.5288,0.0780865,0.96215
0.9664,78.5291,0.0780858,0.962257
0.9665,78.5294,0.0780851,0.962365
0.9666,78.5297,0.0780844,0.962473
0.9667,78.5301,0.0780837,0.962581
0.9668,78.5304,0.078083,0.962688
0.9669,78.5307,0.0780823,0.962796
0.967,78.531,0.0780816,0.962904
0.9671,78.5313,0.0780809,0.963012
0.9672,78.5316,0.0780802,0.96312
0.9673,78.532,0.0780795,0.963228
0.9674,78.5323,0.0780787,0.963336
0.9675,78.5326,0.078078,0.963444
0.9676,78.5329,0.0780773,0.963552
0.9677,78.5332,0.0780766,0.96366
0.9678,78.5336,0.0780759,0.963768
0.9679,78.5339,0.0780752,0.963876
0.968,78.5342,0.0780745,0.963984
0.9681,78.5345,0.0780738,0.964092
0.9682,78.5348,0.078073,0.9642
0.9683,78.5352,0.0780723,0.964308
0.9684,78.5355,0.0780716,0.964417
0.9685,78.5358,0.0780709,0.964525
0.9686,78.5361,0.0780702,0.964633
0.9687,78.5364,0.0780694,0.964741
0.9688,78.5368,0.0780687,0.96485
0.9689,78.5371,0.078068,0.964958
0.969,78.5374,0.0780673,0.965067
0.9691,78.5377,0.0780665,0.965175
0.9692,78.5381,0.0780658,0.965283
0.9693,78.5384,0.0780651,0.965392
0.9694,78.5387,0.0780643,0.9655
0.9695,78.539,0.0780636,0.965609
0.9696,78.5394,0.0780629,0.965717
0.9697,78.5397,0.0780622,0.965826
0.9698,78.54,0.0780614,0.965934
0.9699,78.5403,0.0780607,0.966043
0.97,78.5407,0.07806,0.966152
0.9701,78.541,0.0780592,0.96626
0.9702,78.5413,0.0780585,0.966369
0.9703,78.5417,0.0780577,0.966478
0.9704,78.542,0.078057,0.966587
0.9705,78.5423,0.0780563,0.966695
0.9706,78.5426,0.0780555,0.966804
0.9707,78.543,0.0780548,0.966913
0.9708,78.5433,0.078054,0.967022
0.9709,78.5436,0.0780533,0.967131
0.971,78.544,0.0780525,0.96724
0.9711,78.5443,0.0780518,0.967349
0.9712,78.5446,0.0780511,0.967458
0.9713,78.545,0.0780503,0.967567
0.9714,78.5453,0.0780496,0.967676
0.9715,78.5456,0.0780488,0.967785
0.9716,78.546,0.0780481,0.967894
0.9717,78.5463,0.0780473,0.968003
0.9718,78.5466,0.0780466,0.968112
0.9719,78.547,0.0780458,0.968221
0.972,78.5473,0.078045,0.96833
0.9721,78.5476,0.0780443,0.96844
0.9722,78.548,0.0780435,0.968549
0.9723,78.5483,0.0780428,0.968658
0.9724,78.5486,0.078042,0.968767
0.9725,78.549,0.0780413,0.968877
0.9726,78.5493,0.0780405,0.968986
0.9727,78.5496,0.0780397,0.969095
0.9728,78.55,0.078039,0.969205
0.9729,78.5503,0.0780382,0.969314
0.973,78.5507,0.0780374,0.969424
0.9731,78.551,0.0780367,0.969533
0.9732,78.5513,0.0780359,0.969643
0.9733,78.5517,0.0780351,0.969752
0.9734,78.552,0.0780344,0.969862
0.9735,78.5524,0.0780336,0.969971
0.9736,78.5527,0.0780328,0.970081
0.9737,78.553,0.0780321,0.970191
0.9738,78.5534,0.0780313,0.9703
0.9739,78.5537,0.0780305,0.97041
0.974,78.5541,0.0780297,0.97052
0.9741,78.5544,0.078029,0.970629
0.9742,78.5547,0.0780282,0.970739
0.9743,78.5551,0.0780274,0.970849
0.9744,78.5554,0.0780266,0.970959
0.9745,78.5558,0.0780259,0.971069
0.9746,78.5561,0.0780251,0.971179
0.9747,78.5565,0.0780243,0.971289
0.9748,78.5568,0.0780235,0.971399
0.9749,78.5572,0.0780227,0.971508
0.975,78.5575,0.0780219,0.971618
0.9751,78.5578,0.0780212,0.971729
0.9752,78.5582,0.0780204,0.971839
0.9753,78.5585,0.0780196,0.971949
0.9754,78.5589,0.0780188,0.972059
0.9755,78.5592,0.078018,0.972169
0.9756,78.5596,0.0780172,0.972279
0.9757,78.5599,0.0780164,0.972389
0.9758,78.5603,0.0780156,0.972499
0.9759,78.5606,0.0780148,0.97261
0.976,78.561,0.078014,0.97272
0.9761,78.5613,0.0780133,0.97283
0.9762,78.5617,0.0780125,0.972941
0.9763,78.562,0.0780117,0.973051
0.9764,78.5624,0.0780109,0.973161
0.9765,78.5627,0.0780101,0.973272
0.9766,78.5631,0.0780093,0.973382
0.9767,78.5634,0.0780085,0.973493
0.9768,78.5638,0.0780077,0.973603
0.9769,78.5641,0.0780069,0.973714
0.977,78.5645,0.0780061,0.973824
0.9771,78.5648,0.0780052,0.973935
0.9772,78.5652,0.0780044,0.974045
0.9773,78.5655,0.0780036,0.974156
0.9774,78.5659,0.0780028,0.974267
0.9775,78.5663,0.078002,0.974377
0.9776,78.5666,0.0780012,0.974488
0.9777,78.567,0.0780004,0.974599
0.9778,78.5673,0.0779996,0.97471
0.9779,78.5677,0.0779988,0.97482
0.978,78.568,0.077998,0.974931
0.9781,78.5684,0.0779971,0.975042
0.9782,78.5687,0.0779963,0.975153
0.9783,78.5691,0.0779955,0.975264
0.9784,78.5695,0.0779947,0.975375
0.9785,78.5698,0.0779939,0.975486
0.9786,78.5702,0.0779931,0.975597
0.9787,78.5705,0.0779922,0.975708
0.9788,78.5709,0.0779914,0.975819
0.9789,78.5713,0.0779906,0.97593
0.979,78.5716,0.0779898,0.976041
0.9791,78.572,0.0779889,0.976152
0.9792,78.5723,0.0779881,0.976263
0.9793,78.5727,0.0779873,0.976375
0.9794,78.5731,0.0779865,0.976486
0.9795,78.5734,0.0779856,0.976597
0.9796,78.5738,0.0779848,0.976708
0.9797,78.5741,0.077984,0.97682
0.9798,78.5745,0.0779831,0.976931
0.9799,78.5749,0.0779823,0.977042
0.98,78.5752,0.0779815,0.977154
